FECHA,SEMANA,METRO,METROBÚS,TREN_LIGERO,TROLEBÚS,RTP,ECOBICI,MEXIBÚS,MEXICABLE,TREN_SUBURBANO
2020-03-01,9,-0.8879357779,-2.292636211,0.0789827202,-10.69928677,-22.4425703,-4.914470301,16.60415525,4.570149254,8.968559692
2020-03-02,10,7.108800715,6.103176376,7.201711845,12.35802258,13.94359181,4.7488383,0,0,0
2020-03-03,10,3.968162899,5.006655683,1.108748127,5.854732718,11.92131353,6.495303704,-0.81614691,-0.219112242,-0.5847366308
2020-03-04,10,2.403728065,2.419304117,2.259736313,5.118204645,7.313801358,3.716477888,1.275630628,1.733108472,-0.2414080906
2020-03-05,10,2.262604712,2.379756842,3.569041875,6.644181736,9.070707862,5.569662419,-0.1496524031,0.8315281951,-0.02456905092
2020-03-06,10,4.610953559,6.078235382,1.034291407,4.879821818,8.659874451,2.424957921,0.2803669322,-0.8331961139,-0.05540642765
2020-03-07,10,0.4681620041,-0.167964361,-3.266865713,-3.915827197,-16.92337896,-4.081482512,2.476229671,0.5537704246,5.288152319
2020-03-08,10,1.469205478,-5.54267386,2.527511898,-23.54149253,-24.93426909,0.779831309,-7.095958532,-0.7582089552,5.311446062
2020-03-09,11,-20.81125168,-30.25132146,-27.18785,-24.73734405,-18.18223466,-17.71485659,-15.38779645,-13.05434104,-31.84494394
2020-03-10,11,3.105462981,5.541130995,5.646521406,6.614908007,12.65323974,4.342330055,0.81614691,0.219112242,0.5847366308
2020-03-11,11,-0.3480770387,2.040232217,7.766762082,8.526830007,6.409917824,4.151416894,-1.275630628,-1.733108472,0.2414080906
2020-03-12,11,0.1034627537,2.773756265,5.204538541,4.410404344,4.095308268,3.87011589,0.1496524031,-0.8315281951,0.02456905092
2020-03-13,11,2.518324774,3.987365325,1.997448819,4.939704576,-0.7853009557,-0.9439359935,-0.2803669322,0.8331961139,0.05540642765
2020-03-14,11,-4.552377917,-3.321588121,-8.98797548,-8.724410676,-27.09526042,-15.95139905,-2.476229671,-0.5537704246,-5.288152319
2020-03-15,11,-7.950184802,-11.10596175,-8.121731056,-21.32150297,-28.89404988,-28.14857464,-9.508196721,-3.811940299,-14.28000575
2020-03-16,12,-38.84597015,-57.19753294,-58.16131713,-43.87699969,-50.12998923,-70.29006656,-38.52241643,-23.22853772,-68.07056698
2020-03-17,12,-10.75913396,-9.444247834,-9.651133795,-8.215632721,0.07278700278,-25.88622233,-6.585455228,-5.145603619,-23.35460289
2020-03-18,12,-15.52890624,-20.28187337,-16.80910812,-15.24807676,-6.384762034,-35.71799196,-11.97580774,-7.524489576,-29.95731778
2020-03-19,12,-19.84739886,-25.41849588,-30.09053467,-19.83742029,-8.221882927,-44.09933349,-15.17539049,-6.652225561,-32.39548246
2020-03-20,12,-24.03173238,-28.8647848,-27.41211754,-20.82340338,-11.60760296,-43.23678326,-21.35613125,-14.08529557,-36.82048064
2020-03-21,12,-28.83461725,-36.61096626,-37.5920136,-36.77871871,-32.33446751,-49.34303295,-11.42787486,-17.7890203,-35.49194266
2020-03-22,12,-36.05395891,-32.0899662,-35.28925111,-45.22465805,-38.84937175,-51.17961324,-17.42256311,-15.33731343,-40.5607148
2020-03-23,13,-30.99017312,-40.65541278,-42.75115309,-37.90160094,-25.70130072,-58.43096992,-27.05943948,-18.41210355,-47.70923003
2020-03-24,13,-41.00808849,-51.0645312,-49.55477666,-39.89953155,-31.37925423,-62.02876599,-38.01386135,-25.66440486,-54.15865537
2020-03-25,13,-42.94463537,-53.03428642,-51.63234542,-44.30877664,-34.45344683,-65.2674844,-39.27621982,-26.26215508,-56.01195947
2020-03-26,13,-45.2523481,-55.87528007,-53.44058574,-47.03679594,-36.11148484,-67.5141905,-41.60902867,-27.16791279,-58.77788785
2020-03-27,13,-49.89063376,-55.34234987,-54.91072227,-46.82282287,-36.23130784,-66.56505076,-41.37704288,-28.75349909,-59.15104197
2020-03-28,13,-49.96547736,-53.68035002,-48.12930978,-49.88229564,-42.21076385,-55.70512837,-32.82396649,-22.73193409,-50.9889955
2020-03-29,13,-48.53295332,-51.97075149,-50.25661602,-58.16241014,-51.68648421,-65.09807706,-40.10240634,-28.07164179,-56.51103687
2020-03-30,14,-47.9555306,-55.96259394,-55.92001771,-49.28356838,-40.43348023,-71.41307361,-43.72389303,-26.3377056,-61.13980552
2020-03-31,14,-51.37778722,-59.41747135,-60.2929319,-52.05845112,-44.26318223,-73.99047362,-49.88559917,-28.94402036,-64.17365674
2020-04-01,14,-55.20803619,-62.66109595,-62.86237882,-54.11176376,-46.88997936,-76.47045879,-51.8550594,-30.46754458,-65.73959621
2020-04-02,14,-58.61794858,-65.72598019,-65.68146623,-56.13852022,-49.22391599,-78.69700554,-53.09511595,-30.16560688,-67.99101777
2020-04-03,14,-59.81117816,-66.75884754,-65.61292621,-57.32999329,-49.12755464,-77.69121977,-56.01484073,-36.99983534,-69.15708861
2020-04-04,14,-60.59186396,-65.64250376,-61.81948583,-60.18448009,-55.52773351,-68.01716933,-51.73913141,-31.81787106,-62.29394092
2020-04-05,14,-63.56321734,-61.72019266,-59.12390336,-66.71283107,-63.15328704,-70.03088217,-53.30144549,-39.31940299,-65.04003964
2020-04-06,15,-62.88426904,-68.86771806,-67.03900674,-60.5910781,-54.33777222,-79.88182617,-55.4042621,-34.39516969,-72.00967108
2020-04-07,15,-67.12905925,-70.93501438,-69.30536761,-62.74558327,-57.29079329,-80.50622772,-60.5247886,-41.02346621,-74.42107376
2020-04-08,15,-68.19150277,-71.63506341,-70.09111785,-62.6307758,-57.47782096,-81.96650623,-59.89110643,-39.56726111,-73.57822784
2020-04-09,15,-76.00030044,-79.89016656,-78.92164449,-73.90040811,-68.33154598,-87.31206388,-66.9572447,-41.91880372,-82.9945182
2020-04-10,15,-83.11787739,-84.91415627,-84.2189575,-77.85175016,-75.63468652,-86.32687664,-75.18795573,-54.26971843,-88.91770248
2020-04-11,15,-77.17363102,-76.57541501,-77.89509424,-73.29553539,-66.48745096,-72.25856627,-64.06100771,-51.35707937,-79.01831734
2020-04-12,15,-72.8593436,-68.46277801,-66.11097523,-72.08779921,-67.87230016,-72.13768915,-57.58165114,-44.87164179,-71.22900117
2020-04-13,16,-63.62008051,-67.66477586,-67.70406777,-60.17183425,-57.62582852,-79.69347372,-55.38605124,-38.06648622,-72.80195547
2020-04-14,16,-65.99583378,-70.95675698,-70.50136987,-62.98710404,-58.65903023,-81.01103987,-59.14356296,-40.38026576,-74.53833802
2020-04-15,16,-66.51474036,-70.44748601,-69.49025835,-60.28734587,-58.43838786,-80.27617509,-58.21333627,-36.82586386,-73.77156561
2020-04-16,16,-67.92512576,-72.17530916,-70.35416606,-61.92378826,-58.46034708,-81.49941362,-59.05467796,-36.8527706,-74.69229245
2020-04-17,16,-67.86572031,-71.88110823,-70.09298996,-61.44194269,-57.41416169,-80.23464649,-59.09046426,-41.72237774,-74.6177842
2020-04-18,16,-67.3288263,-71.58844306,-66.78825531,-65.14936123,-60.95383172,-71.27690019,-53.01046096,-38.62719628,-68.34685768
2020-04-19,16,-68.10279585,-67.4934096,-62.60814444,-70.22074607,-65.11372272,-70.12395396,-56.15238737,-41.53134328,-69.84159967
2020-04-20,17,-64.80026944,-69.81499199,-68.13613867,-60.5776623,-53.60412666,-80.66366652,-55.46496496,-36.94218891,-73.27381901
2020-04-21,17,-67.64846998,-73.87593752,-71.23283492,-64.86617447,-58.02349898,-83.33451298,-61.14544597,-45.85807181,-75.56677724
2020-04-22,17,-69.14200181,-73.70633115,-73.23360282,-66.45399819,-58.4272037,-82.61561974,-62.46366369,-45.11464351,-75.92680633
2020-04-23,17,-70.66040445,-76.07307385,-81.58436961,-64.9279211,-57.61449863,-82.7799398,-63.09776937,-44.15484592,-77.46463245
2020-04-24,17,-70.90309788,-75.65319907,-75.3622082,-62.90746052,-55.34860283,-82.32300795,-62.23304621,-46.04314178,-77.36837178
2020-04-25,17,-71.00257341,-74.5605049,-71.17388553,-66.71757267,-58.6728217,-71.25441929,-57.25255038,-44.47255076,-72.22794914
2020-04-26,17,-72.67381417,-70.5968328,-69.86875049,-71.11576162,-64.55851536,-69.51475676,-60.27013359,-49.21492537,-73.7992104
2020-04-27,18,-69.18176999,-73.26467657,-73.62836138,-61.02977487,-53.88978923,-80.66366652,-59.61931717,-42.6816573,-76.19161486
2020-04-28,18,-71.5205019,-74.75909434,-75.76026216,-63.81721027,-58.06740936,-82.12095796,-64.07586046,-46.62849873,-77.71556551
2020-04-29,18,-72.32017881,-74.28627754,-75.72814219,-62.83935,-58.63080626,-83.00442885,-62.23473165,-43.5501812,-76.91356851
2020-04-30,18,-71.92725541,-74.37060192,-75.86064851,-61.56141712,-56.66692458,-84.02694435,-60.69837788,-37.67032353,-75.97411003
2020-05-01,18,-79.30473279,-82.87787812,-83.63963009,-72.37601923,-67.90076452,-86.85602228,-70.64439755,-52.2805862,-86.7667187
2020-05-02,18,-74.18051581,-74.68076297,-89.81470239,-65.62872391,-58.46599032,-68.46678738,-59.21904042,-44.97846448,-73.58567036
2020-05-03,18,-74.60761204,-71.7304497,-89.2339075,-70.49471052,-65.7248,-70.3270197,-61.18862995,-48.15820896,-73.0399757
2020-05-04,19,-70.79334874,-72.25899699,-90.34786432,-61.21692532,-53.86335877,-80.95152593,-59.52560712,-41.79332362,-75.91582975
2020-05-05,19,-73.78982564,-76.07543068,-91.5824616,-66.99647831,-58.82947524,-84.5848424,-65.69342682,-47.48374329,-78.97483572
2020-05-06,19,-74.52286241,-77.19688301,-91.98922237,-67.28127871,-56.79812901,-84.96494937,-64.75120944,-46.96616312,-78.09102723
2020-05-07,19,-75.0520204,-77.31295017,-92.44837087,-67.53230535,-59.99182614,-84.60016419,-66.03845678,-46.83809657,-78.83257381
2020-05-08,19,-73.81077965,-77.68226829,-92.24458691,-66.4881919,-57.98361861,-82.13604316,-65.38043544,-47.73588013,-78.91519781
2020-05-09,19,-74.94782495,-75.5063357,-90.90544473,-68.6417539,-60.28368239,-72.51334983,-59.84441646,-46.78334587,-73.11958696
2020-05-10,19,-76.59657354,-72.50349245,-92.1471792,-73.5794918,-68.67942101,-73.33916141,-62.03379831,-44.37014925,-74.3426626
2020-05-11,20,-71.97717866,-75.36506034,-91.02167615,-66.13247561,-57.99238432,-83.21886295,-62.32211216,-48.71261017,-77.70338488
2020-05-12,20,-74.37900139,-76.94018992,-92.36669146,-67.3137576,-57.85513257,-82.49873129,-65.87716945,-48.18348883,-78.56282617
2020-05-13,20,-74.7190049,-76.56578803,-91.72103635,-66.69318878,-58.29782329,-82.47393507,-65.35211168,-47.64074778,-77.71702957
2020-05-14,20,-74.78226981,-76.33702631,-92.54354208,-66.39007602,-58.18238185,-82.15308536,-64.69229272,-44.98637412,-77.84822667
2020-05-15,20,-72.45108058,-75.89431333,-91.57416385,-62.84371436,-53.12475958,-79.76547069,-62.50225341,-43.57319282,-76.85529308
2020-05-16,20,-72.45242244,-72.68176622,-91.31031862,-66.37207258,-58.12778777,-67.73241123,-56.75377049,-43.24878649,-70.4578895
2020-05-17,20,-73.5196564,-70.00399315,-91.24690654,-71.50282172,-66.05702651,-68.27944022,-60.57355978,-46.80597015,-71.07875262
2020-05-18,21,-71.2535778,-73.580358,-91.61673075,-62.03864327,-53.28936388,-81.58765967,-63.85410067,-40.99521133,-75.1968755
2020-05-19,21,-72.7264281,-74.99768121,-91.61039591,-64.19924045,-55.6359697,-81.33532316,-63.80270109,-45.94995759,-77.07800714
2020-05-20,21,-73.21214702,-75.27691495,-92.34646251,-65.43026246,-56.4275266,-83.40971293,-62.42036182,-44.88499767,-76.39747287
2020-05-21,21,-73.3228182,-76.57211121,-91.71286288,-66.88421849,-57.82710516,-82.53523192,-66.40745785,-45.17504018,-77.02608811
2020-05-22,21,-72.88264413,-75.41033507,-92.27631686,-64.1218571,-55.79069847,-81.00719912,-62.1410213,-45.25275811,-76.44037737
2020-05-23,21,-71.8659015,-73.54076771,-90.48546361,-66.14697404,-58.5480973,-66.76573242,-56.75377049,-43.30347987,-70.24026643
2020-05-24,21,-73.74080994,-70.460127,-91.42218086,-71.73681272,-66.32490284,-66.5787647,-59.58552826,-46.32238806,-70.76546841
2020-05-25,22,-70.04164127,-73.02072004,-90.97901598,-61.82264884,-53.92476287,-79.36296848,-58.77668555,-40.42612256,-75.09431957
2020-05-26,22,-72.40882636,-74.54486791,-91.6590223,-66.35414961,-55.46448539,-80.44939457,-63.86196159,-46.66383941,-76.78590293
2020-05-27,22,-72.68647047,-75.21281825,-91.66166693,-65.01438976,-56.71678966,-81.42942246,-63.56395722,-46.57145933,-75.98332858
2020-05-28,22,-72.9425314,-74.54816604,-92.03458297,-65.66343317,-57.48098377,-82.03911183,-65.27781217,-47.68360003,-76.22085727
2020-05-29,22,-71.29521497,-74.08326179,-91.29268851,-61.30028456,-53.05164477,-77.90287803,-60.71566535,-43.16482793,-74.88191347
2020-05-30,22,-70.30804044,-71.48228274,-90.89940184,-63.91917152,-57.21249048,-64.66751485,-55.65377071,-42.77705613,-68.17945533
2020-05-31,22,-71.92946994,-67.81082233,-90.33601119,-69.62699392,-65.43347826,-72.38306025,-56.41029963,-45.19402985,-67.86439269
2020-06-01,23,-67.24006069,-68.72679432,-90.29426565,-57.74558624,-50.3916241,-78.20797705,-54.91598344,-49.33027969,-72.28226792
2020-06-02,23,-69.90701547,-72.03748788,-90.78167808,-59.70229208,-52.81193491,-78.58392982,-60.14432914,-52.47384789,-74.17545268
2020-06-03,23,-69.71126558,-71.64772537,-91.57568363,-60.87160875,-53.71816366,-79.32062728,-59.58550878,-50.23861638,-73.64637148
2020-06-04,23,-70.00526977,-73.09849968,-90.99494087,-62.33240608,-54.11590059,-78.97188288,-60.27630857,-51.35210677,-74.2505779
2020-06-05,23,-69.05332768,-72.48952804,-91.35205422,-58.53730697,-51.92845455,-76.29074764,-58.47959743,-50.60760744,-73.47878996
2020-06-06,23,-68.36194068,-70.52534461,-89.16811274,-60.49707541,-56.94310139,-61.3028731,-53.05385257,-52.97053394,-66.0913312
2020-06-07,23,-70.82074636,-66.8809206,-90.20853896,-68.06607899,-63.62419067,-66.46877076,-57.97104808,-44.65671642,-67.3481131
2020-06-08,24,-66.20293573,-70.21732506,-89.76921747,-60.46564034,-51.69018742,-80.52506755,-55.3989506,-53.33472135,-71.93102715
2020-06-09,24,-68.44469707,-71.23112097,-90.84168512,-59.80524597,-52.54353598,-79.64704414,-60.40556628,-51.70342098,-73.58120814
2020-06-10,24,-69.127996,-71.15183437,-90.70970894,-58.84837528,-51.87150622,-78.40791436,-57.91483728,-49.59991388,-72.8228371
2020-06-11,24,-69.15188881,-72.03247186,-91.22355869,-60.16324732,-52.57730073,-79.10261723,-59.33098654,-51.76437705,-73.70900205
2020-06-12,24,-67.26856589,-71.65623157,-89.74406241,-57.32484209,-50.22218029,-76.18139088,-58.05003339,-50.3836654,-72.85287443
2020-06-13,24,-67.28105223,-68.21352736,-88.52907672,-60.18896711,-52.54451335,-59.45943909,-50.54205967,-49.65474807,-64.35651415
2020-06-14,24,-69.66530453,-62.53186236,-87.38024875,-62.56729061,-62.15261681,-61.21444491,-56.68970458,-52.91343284,-65.86001311
2020-06-15,25,-63.45312814,-66.38551591,-87.12866267,-53.11847572,-47.5472792,-76.20717651,-52.25985378,-39.89867444,-70.4320102
2020-06-16,25,-65.05489723,-69.21829422,-87.1667716,-57.80703393,-49.42537961,-76.71512195,-57.06558806,-40.83969466,-72.05518815
2020-06-17,25,-66.18965064,-69.69971501,-87.50068928,-57.6734711,-49.75337869,-77.38976169,-56.17140444,-40.47149162,-71.26134407
2020-06-18,25,-65.71066493,-70.55951138,-88.79979608,-57.93073696,-50.37138088,-76.45105647,-56.77380552,-39.64782335,-71.66475134
2020-06-19,25,-65.32322931,-70.30515185,-88.06851651,-57.67641183,-49.52431385,-75.72985326,-56.20884847,-39.96377408,-71.43811304
2020-06-20,25,-64.1579955,-67.45086049,-87.86435839,-60.06482638,-52.75056277,-65.03470292,-48.14344283,-38.33321939,-61.66662261
2020-06-21,25,-67.1423653,-64.57388426,-89.18079407,-65.57309993,-59.76916599,-64.37888592,-54.20666695,-42.91044776,-64.25203395
2020-06-22,26,-64.70935589,-66.48250145,-87.95780126,-62.4250184,-52.99462418,-82.57562157,-57.17754449,-43.64633215,-72.03517721
2020-06-23,26,-65.66627952,-70.18973037,-88.44036916,-64.35917511,-50.32515259,-81.15145119,-59.13654988,-42.613797,-72.58604661
2020-06-24,26,-65.2485092,-69.11755099,-87.62249896,-58.42038358,-52.10001896,-79.10645277,-56.7247456,-40.74419606,-71.33688314
2020-06-25,26,-65.35994652,-68.98494278,-88.42945591,-57.77425851,-49.86529597,-79.51158109,-56.83218057,-40.85668367,-71.5131101
2020-06-26,26,-64.47322427,-69.5607422,-86.65602211,-56.53541992,-47.90058856,-74.31174295,-55.76211561,-40.02963939,-70.98980168
2020-06-27,26,-62.61906566,-65.44054282,-85.14958832,-58.16083672,-49.34586013,-57.1139316,-48.57333295,-37.27353524,-61.65164451
2020-06-28,26,-64.47685286,-63.6555706,-84.48025541,-64.80190461,-59.44591858,-59.55607475,-53.36276286,-41.91641791,-63.5871042
2020-06-29,27,-61.22877649,-64.43700215,-86.0326246,-53.79597378,-46.97622103,-78.20442323,-51.92295289,-36.35921993,-68.47122589
2020-06-30,27,-61.43560885,-65.23467156,-86.43530655,-54.75144007,-44.29669961,-75.05024481,-54.43568394,-34.99434549,-69.05280061
2020-07-01,27,-58.98509914,-64.61325543,-87.42084764,-54.89567105,-45.42053315,-75.7653304,-51.90333034,-32.59176863,-67.62067763
2020-07-02,27,-58.13350227,-65.12133327,-86.50327324,-54.50658302,-47.03681537,-73.19275425,-52.75760202,-33.77122493,-68.04649627
2020-07-03,27,-56.46505076,-65.0658685,-86.78703609,-50.3494666,-45.74854982,-73.95897918,-52.11614368,-35.55738515,-67.49641376
2020-07-04,27,-56.44525758,-61.41723747,-85.11484168,-55.59725598,-46.26098372,-57.12142523,-45.03803476,-34.8260067,-57.92297729
2020-07-05,27,-59.8931281,-62.21713672,-85.2371218,-63.18736675,-55.40283176,-64.12505375,-50.32660458,-36.35522388,-59.62789508
2020-07-06,28,-56.453295,-61.64049643,-85.1487935,-52.85820914,-44.44957563,-74.09620755,-47.72079718,-29.53709487,-66.41585632
2020-07-07,28,-57.84089655,-64.06129828,-86.79948717,-54.98324821,-44.33593315,-75.20068552,-54.79229894,-34.59852983,-68.24515625
2020-07-08,28,-57.99922881,-64.00297757,-86.13416895,-54.2259374,-45.40934899,-74.53959321,-50.99541071,-33.38835265,-66.62018108
2020-07-09,28,-57.58642623,-64.0837443,-87.63601761,-55.65134642,-46.21461813,-76.78292059,-52.21595231,-35.94437845,-67.31629351
2020-07-10,28,-55.93477073,-63.24179889,-85.92623334,-49.3205134,-44.06533685,-69.97980396,-51.4238966,-33.02815742,-66.75260145
2020-07-11,28,-53.13938077,-58.92556711,-84.42595178,-51.28897458,-44.32482301,-49.95001732,-43.17801074,-31.7836877,-55.53617212
2020-07-12,28,-56.7929478,-58.00293691,-82.87888546,-62.76715792,-54.73438804,-57.89770459,-47.05971596,-38.03880597,-57.80413343
2020-07-13,29,-54.95301042,-61.53577961,-85.05691007,-50.66807927,-42.79326665,-71.08967601,-46.49421995,-28.37809702,-65.266486
2020-07-14,29,-55.40060972,-63.43265351,-84.55646563,-51.91794172,-43.44603351,-71.95450941,-51.07080929,-33.12128923,-66.86281138
2020-07-15,29,-54.9886934,-61.75809074,-85.70937049,-50.58003498,-43.33112858,-70.29234792,-48.36712891,-27.33861997,-64.59964291
2020-07-16,29,-55.25570234,-61.67358823,-84.99605083,-50.88223802,-42.66057962,-69.77019605,-49.16771329,-29.61358396,-65.13889439
2020-07-17,29,-54.52649593,-61.94951045,-85.68467633,-48.4976084,-42.52285024,-68.18423642,-48.55498574,-31.09171744,-65.01197943
2020-07-18,29,-51.3668585,-56.87947106,-83.62526835,-48.96395342,-43.86033211,-50.26474996,-39.79167552,-28.09872154,-52.21896228
2020-07-19,29,-56.45332875,-56.05194025,-84.1536078,-60.43407271,-53.57309178,-49.53816523,-44.0507396,-29.6119403,-54.805556
2020-07-20,30,-52.41042802,-59.14987407,-84.11619875,-46.75066473,-41.83803237,-69.18838242,-42.30420481,-23.36733986,-64.06769754
2020-07-21,30,-55.29756635,-61.43466117,-85.60865793,-49.83037347,-42.65486726,-69.12622415,-50.45365846,-30.28696636,-66.00023242
2020-07-22,30,-54.47257831,-62.7082385,-84.23844186,-49.37260088,-43.14150622,-69.03695579,-48.80582659,-31.9243604,-64.41845478
2020-07-23,30,-55.47931325,-61.76240602,-86.16396717,-50.49515975,-42.6565106,-68.3522312,-49.28835506,-30.41017399,-65.2260749
2020-07-24,30,-54.0447515,-61.23813591,-84.93339308,-46.40943867,-42.6714384,-65.75016647,-48.39256865,-33.58801251,-64.6076896
2020-07-25,30,-51.7127993,-56.66864563,-84.63594235,-49.98549697,-44.07928405,-49.66525922,-39.98939813,-29.56176933,-52.67535397
2020-07-26,30,-54.92682806,-57.33284337,-83.08337217,-62.48831865,-53.50824276,-57.77078851,-47.31952463,-73.52835821,-56.27447533
2020-07-27,31,-52.52656204,-58.96026619,-84.65874853,-47.33760612,-41.22025369,-66.88906102,-46.62890443,-76.70206121,-64.46410543
2020-07-28,31,-53.82012904,-61.0184976,-84.12296654,-50.5640009,-42.61823197,-66.99999552,-50.44313884,-80.27989822,-65.53909865
2020-07-29,31,-54.62282986,-61.55113566,-85.75543297,-50.26238987,-44.4978399,-69.38622499,-48.84096499,-81.61397969,-64.3149187
2020-07-30,31,-54.81018639,-60.65850738,-85.09225651,-51.06912524,-43.92045131,-69.36123219,-48.18347455,-81.23122074,-64.33683376
2020-07-31,31,-53.21681721,-59.9159619,-85.62633417,-51.08158162,-41.53855196,-69.54943218,-48.14911469,-82.53252099,-63.11449903
2020-08-01,31,-49.59354329,-53.39198697,-82.55114396,-50.96964874,-39.69398952,-46.5254265,-36.60887828,-81.14445888,-49.22686543
2020-08-02,31,-52.86381602,-53.71584973,-83.27723619,-59.23779375,-52.50358183,-53.16796522,-43.70306376,-78.93731343,-52.32965171
2020-08-03,32,-49.51336046,-55.83728586,-83.03656843,-47.52945211,-39.87577077,-67.13072077,-44.92656851,-50.12145187,-61.21685531
2020-08-04,32,-52.02892739,-58.15676408,-85.54451248,-52.54214017,-41.28585085,-69.17637105,-46.97832784,-49.8657054,-63.41936234
2020-08-05,32,-52.50348795,-57.83667456,-83.96718501,-49.8930796,-40.83502726,-65.6628835,-45.68312256,-46.94463382,-61.75345737
2020-08-06,32,-52.48573766,-59.13717229,-85.5236304,-50.87716989,-41.98817334,-66.24707297,-46.59355044,-47.90021662,-62.00250974
2020-08-07,32,-51.09601812,-58.26343686,-84.97945268,-47.33858728,-40.21252711,-63.44309148,-46.78247612,-49.37592623,-61.94969906
2020-08-08,32,-50.40751145,-53.92823545,-83.74008333,-50.28687475,-39.75537426,-46.79519733,-35.75715011,-50.52984207,-49.3361175
2020-08-09,32,-52.89613876,-53.90999212,-83.72073334,-59.22121939,-50.43839004,-53.98868922,-41.92991698,-54.76716418,-52.03235139
2020-08-10,33,-49.00009294,-55.39453577,-84.68281324,-47.49188786,-42.07270284,-69.07821401,-46.17173599,-35.35290443,-61.34013497
2020-08-11,33,-51.53702844,-57.54906201,-84.19435422,-49.79735052,-41.96373352,-67.45131763,-48.02362706,-34.52784846,-66.15816941
2020-08-12,33,-51.88042312,-58.41747939,-85.55071083,-47.77034285,-41.39271018,-66.88203071,-46.39831336,-31.09189422,-61.33561535
2020-08-13,33,-50.83061888,-57.70072499,-84.03295949,-48.9563494,-40.65734805,-65.79117883,-47.05878191,-31.46530641,-61.53966052
2020-08-14,33,-50.26116164,-56.72919429,-85.11660793,-48.38041849,-39.99003796,-67.79972392,-47.87475685,-33.29820517,-60.03147287
2020-08-15,33,-46.49838782,-49.73500949,-78.81059266,-45.44912568,-37.49665043,-46.35307291,-33.21091232,-27.02536405,-43.8232936
2020-08-16,33,-47.58538277,-47.41697044,-76.95142653,-53.91644854,-46.49307558,-48.2690044,-34.72417717,-24.23880597,-44.75968224
2020-08-17,34,-47.5823521,-54.10188003,-82.83311226,-44.37606757,-39.09620562,-69.64682518,-42.83497547,-26.66389062,-59.59402731
2020-08-18,34,-49.4266943,-55.79998246,-84.66923747,-48.04001173,-38.68578496,-67.95278665,-45.68055782,-31.95504665,-61.04977921
2020-08-19,34,-49.59608993,-56.43012395,-79.91266288,-48.20854001,-39.32745323,-66.68433116,-44.51077755,-30.82636621,-58.03725186
2020-08-20,34,-50.50871746,-56.25984752,-82.32091207,-48.44510199,-40.01622239,-69.90763473,-44.52884258,-29.65550975,-58.93851133
2020-08-21,34,-48.90657897,-55.86272274,-82.49325782,-45.25170535,-38.24026169,-61.88740329,-44.45884718,-31.4078709,-59.85842266
2020-08-22,34,-45.13791695,-49.49182332,-78.20781399,-44.78280408,-38.0921215,-38.88191964,-34.39903733,-26.97750735,-44.30083084
2020-08-23,34,-48.09298791,-47.45542944,-75.75637433,-53.22325022,-46.67664818,-47.32136431,-35.8240971,-27.38208955,-44.70373863
2020-08-24,35,-47.20366773,-55.0259601,-83.97071665,-47.12630722,-41.10358589,-71.45216563,-42.15889733,-31.02921785,-60.58185876
2020-08-25,35,-49.75226439,-57.09588512,-83.40908976,-47.24098592,-41.42381777,-67.09025994,-47.14173255,-32.56290642,-61.52940058
2020-08-26,35,-49.95129111,-56.20828927,-84.3950543,-47.30025361,-40.33860304,-66.98747047,-45.28879156,-33.71129212,-60.2183766
2020-08-27,35,-50.10895533,-56.78975316,-83.69261895,-48.39822181,-41.18123494,-68.68744748,-45.77453079,-33.7852002,-60.26893864
2020-08-28,35,-48.97712513,-54.51808206,-83.76859697,-44.22082044,-37.70094171,-66.99189491,-43.80883542,-30.99291948,-59.70510625
2020-08-29,35,-43.55668921,-48.3279046,-79.99953203,-45.49100448,-39.17476064,-46.32309838,-33.35182323,-24.78977234,-43.66293976
2020-08-30,35,-46.60491366,-50.64383192,-82.11405205,-52.65972191,-47.28523127,-45.62914986,-36.07189515,-25.79701493,-44.67177085
2020-08-31,36,-46.58225859,-51.88912469,-81.67253702,-42.58170389,-38.72617915,-69.00358379,-39.7417852,-26.67777084,-58.46538073
2020-09-01,36,-47.7938951,-53.54042445,-83.55186512,-43.25297944,-37.54411517,-65.08772699,-43.52368579,-28.53406842,-59.65792643
2020-09-02,36,-48.290247,-53.98028506,-82.46554806,-46.35305888,-38.69961512,-64.62166588,-42.93345354,-27.33861997,-58.26545382
2020-09-03,36,-47.97564509,-54.85012416,-83.9677879,-45.14638422,-38.01807709,-64.94308165,-43.54672657,-28.39773601,-58.97338353
2020-09-04,36,-47.68947704,-54.1332791,-82.22918278,-43.45135919,-36.12229078,-63.54539297,-44.59997493,-30.14325704,-58.44517926
2020-09-05,36,-44.47899153,-48.16246965,-80.91351972,-45.65328482,-37.89506476,-48.78850402,-32.4696762,-24.20865523,-43.51756403
2020-09-06,36,-49.14336166,-47.0078607,-79.12642154,-51.4907419,-45.28538733,-49.67354239,-37.52454802,-26.9880597,-45.90412864
2020-09-07,37,-44.74891293,-48.65323696,-82.07507396,-41.81364916,-35.93789887,-66.50169466,-39.80817895,-26.55978902,-58.62798236
2020-09-08,37,-48.26100828,-51.3426038,-81.39988873,-46.35778397,-38.80426502,-66.27788013,-44.9697824,-30.66157761,-59.98330833
2020-09-09,37,-47.65081148,-51.0638136,-84.15450578,-47.15865278,-39.975372,-63.84404766,-43.23514692,-29.77143062,-58.55387574
2020-09-10,37,-49.01340199,-51.55057549,-82.29298138,-46.20182186,-40.76670308,-68.61369989,-44.00665122,-29.34106631,-58.90522423
2020-09-11,37,-47.42699555,-50.4385268,-83.19643438,-42.71666858,-35.34344773,-60.8749713,-42.27119535,-31.75037049,-58.36928005
2020-09-12,37,-44.25399744,-43.21896576,-81.77916427,-43.35967277,-35.66370992,-48.60116317,-33.15275861,-25.12476926,-42.43649724
2020-09-13,37,-47.79517345,-40.25335138,-82.08749533,-48.68869973,-46.56540717,-46.31449671,-35.24632306,-24.50746269,-46.41880984
2020-09-14,38,-44.80699104,-45.65602399,-81.82786377,-37.3589317,-34.61824457,-63.0971353,-43.03984764,-22.63168853,-56.8483979
2020-09-15,38,-51.7132129,-57.4649276,-88.04721963,-54.44452092,-40.65993312,-68.97912657,-45.01957525,-24.4628216,-62.78814258
2020-09-16,38,-76.88764237,-79.8035299,-94.12345075,-76.8106318,-73.90455701,-83.14940852,-70.58347501,-50.63332018,-85.7912586
2020-09-17,38,-51.00077925,-49.72934638,-83.90158184,-41.73173302,-41.71758322,-63.8670374,-43.21027401,-26.29445881,-57.31536887
2020-09-18,38,-47.99286969,-49.95398862,-81.96306065,-45.0018719,-41.71439438,-73.89900935,-43.03520811,-30.20912234,-57.55361647
2020-09-19,38,-45.29278623,-43.10511576,-80.65367529,-42.84217047,-37.81295778,-45.43135591,-33.69090409,-24.90599576,-43.25412559
2020-09-20,38,-46.4772734,-42.69978061,-80.29226136,-50.12579443,-49.48510948,-52.51646266,-36.30515403,-27.13134328,-45.1800585
2020-09-21,39,-43.75212738,-49.55649614,-80.52618183,-40.57939526,-36.67448114,-64.98421361,-38.5508709,-23.90172809,-57.60614273
2020-09-22,39,-47.42953172,-51.00453907,-81.59853271,-41.87767083,-37.71663878,-61.29996435,-43.40761936,-23.63584959,-59.30402079
2020-09-23,39,-46.55703322,-51.20137828,-82.75113546,-41.97236296,-40.74021608,-61.67594261,-42.47558946,-23.63558075,-58.00714188
2020-09-24,39,-47.4845987,-50.47926005,-82.95607649,-39.58854841,-38.69836711,-62.19430817,-43.21876493,-26.83250646,-58.22574467
2020-09-25,39,-43.07632769,-49.58598317,-81.64064345,-37.88033098,-38.8453588,-60.27174527,-42.00988581,-27.15297217,-57.74336451
2020-09-26,39,-43.87475354,-42.63358877,-79.1671234,-39.87700196,-34.99043271,-36.45398216,-31.12229949,-21.03643946,-41.63913338
2020-09-27,39,-47.27202114,-41.07005938,-79.07065244,-51.66038537,-48.7667819,-44.15692329,-34.86767247,-22.90447761,-44.01323466
2020-09-28,40,-43.79748425,-47.41669046,-80.14224035,-38.75149208,-37.13581285,-59.46157766,-38.35472477,-22.97175377,-57.92922047
2020-09-29,40,-46.7743864,-49.66253337,-82.91868745,-41.56233406,-42.39816044,-66.13412568,-44.91402843,-29.18433701,-59.72765112
2020-09-30,40,-46.90622027,-47.32867846,-81.05296524,-37.57380747,-39.03158135,-60.35135564,-41.6024533,-25.15698446,-56.81066633
2020-10-01,40,-45.93047139,-47.60650836,-82.75125148,-35.63794268,-37.35609768,-60.74617385,-40.93117051,-24.11431766,-56.49904234
2020-10-02,40,-45.33687481,-46.42476178,-81.64883182,-42.32066969,-38.39566342,-58.98768518,-39.85176435,-25.5195126,-56.58817844
2020-10-03,40,-39.82364576,-38.08503545,-79.34236732,-34.44322785,-33.20558343,-34.95525533,-27.09851015,-18.61625761,-37.37830289
2020-10-04,40,-43.91606129,-36.18072773,-80.67202239,-46.1196736,-43.69758408,-42.02473309,-32.00851279,-16.19701493,-39.80467689
2020-10-05,41,-42.96254482,-44.65715712,-82.30150098,-34.60667968,-34.52720631,-60.25407947,-36.17928591,-22.18058158,-55.86109783
2020-10-06,41,-44.79869644,-47.12512092,-81.59232508,-37.43252316,-37.08188701,-61.07597485,-42.05058884,-23.39553294,-57.92273236
2020-10-07,41,-45.45948338,-47.43591167,-82.82892987,-32.28163595,-37.96044377,-61.79456234,-41.59890397,-23.97287308,-56.63106294
2020-10-08,41,-45.39866692,-47.13405204,-83.09986778,-32.44502207,-37.4687588,-59.83773774,-41.53084149,-25.45594298,-57.14523479
2020-10-09,41,-44.27252259,-46.10273952,-82.94771254,-38.50040728,-35.97475086,-61.89798621,-40.87262276,-26.90927054,-56.02399427
2020-10-10,41,-39.59835432,-37.46088965,-76.68953691,-35.5171199,-35.5475872,-33.74878023,-27.72880689,-17.17371983,-37.80914369
2020-10-11,41,-43.10933648,-37.21005187,-79.85407555,-45.34652836,-44.66183909,-39.47795035,-32.17160437,-22.44776119,-41.42224638
2020-10-12,42,-43.09406421,-44.89965925,-81.7502004,-36.49562477,-35.84953035,-61.93859005,-37.62818737,-26.12256229,-56.48759233
2020-10-13,42,-45.53618838,-47.07567286,-82.37241652,-39.78168496,-38.13781464,-64.14830837,-42.83430026,-27.02148714,-58.0880644
2020-10-14,42,-45.55049056,-47.05204682,-82.92924373,-38.97833462,-39.15740315,-62.18337145,-40.53800804,-23.7791094,-55.91264936
2020-10-15,42,-45.01905029,-45.61693275,-82.36022192,-36.75673192,-37.39119302,-58.62760697,-39.88148096,-20.5086996,-55.43913876
2020-10-16,42,-44.46000363,-44.72835325,-80.98250294,-34.19464379,-35.43516882,-57.957615,-38.9837085,-23.24715956,-55.21693261
2020-10-17,42,-38.48515393,-35.20663821,-78.36039706,-32.13465908,-32.89592283,-33.98108289,-25.12844141,-16.26444247,-35.27784386
2020-10-18,42,-41.61657888,-32.90919334,-79.08658647,-44.2594452,-44.92372935,-51.26422397,-33.19629989,-20.92537313,-38.89998881
2020-10-19,43,-41.68067479,-43.04499259,-80.90356021,-35.00311666,-35.22961587,-60.35358643,-36.48773233,-20.64681796,-55.39507944
2020-10-20,43,-43.97929822,-46.23563765,-82.09617725,-37.99844582,-35.98464725,-59.8089298,-41.72553269,-22.60390161,-57.18639735
2020-10-21,43,-44.51132884,-47.61596903,-82.6784591,-37.38436853,-38.63047667,-61.07625399,-40.04749009,-22.37252862,-55.67652372
2020-10-22,43,-44.07475061,-47.89175423,-80.81782753,-39.87426412,-39.25658639,-59.72711637,-40.15672817,-23.53434421,-55.82854501
2020-10-23,43,-43.20614387,-45.76007031,-82.83819305,-36.81467544,-37.70146583,-57.30852968,-39.41601954,-24.47884077,-55.23666641
2020-10-24,43,-38.33372895,-36.87999831,-80.20045825,-37.33585629,-36.03944709,-37.12840924,-26.84710719,-14.41170438,-37.25759698
2020-10-25,43,-42.38595212,-36.67817562,-79.373399,-44.02155435,-43.3902995,-40.9247937,-33.26393864,-16.83283582,-39.87820277
2020-10-26,44,-41.31089306,-44.51592719,-82.11117102,-36.35945437,-35.78198584,-60.36424789,-41.12960441,-19.26573669,-55.25426431
2020-10-27,44,-43.15887251,-47.31833193,-82.87626868,-40.18508292,-38.31813299,-59.65180284,-44.48728266,-23.08453492,-57.33482643
2020-10-28,44,-44.07086959,-47.35371623,-82.93026734,-41.1859043,-39.37854451,-60.38430557,-41.7916328,-22.37252862,-55.81122627
2020-10-29,44,-43.90235637,-47.0821047,-83.49193182,-38.07444519,-38.27289974,-59.77069448,-40.6739665,-21.99007756,-55.92470775
2020-10-30,44,-42.50343103,-44.38043482,-82.35200838,-36.99367981,-37.00857854,-57.15331362,-38.52564422,-23.02980405,-54.58595713
2020-10-31,44,-36.6250376,-35.31504135,-80.3198054,-41.02866892,-34.83442946,-41.04008628,-32.61103444,-14.39119437,-38.42412708
2020-11-01,44,-44.00807744,-37.32425327,-82.23355727,-46.55353191,-47.72271272,-48.42976477,-33.61667158,-20.82686567,-42.68976871
2020-11-02,45,-61.8097574,-60.78370152,-89.09978104,-54.78002295,-59.70555884,-72.21268306,-51.66989783,-32.81976542,-71.73282321
2020-11-03,45,-44.66229083,-45.44003297,-83.60669913,-40.59625098,-38.93183896,-63.06513529,-47.7564288,-25.02120441,-56.53616176
2020-11-04,45,-44.34256598,-45.5419829,-83.48199352,-40.85741589,-39.28119148,-63.13232929,-40.8361521,-22.67393879,-55.64430076
2020-11-05,45,-44.36767258,-45.47173746,-83.77330759,-39.25912009,-38.22508871,-62.24459061,-40.79000902,-22.75871707,-55.87821148
2020-11-06,45,-43.90229567,-44.46785187,-83.88425774,-36.95890918,-37.64014373,-59.37925295,-39.99598249,-24.92672485,-55.23464243
2020-11-07,45,-38.27492818,-35.2435914,-79.26834187,-37.29771667,-34.79337597,-38.60465517,-28.10591132,-16.7430095,-38.39064661
2020-11-08,45,-42.18057607,-35.52961177,-79.88594361,-44.20777218,-43.42571704,-44.3684501,-34.16283872,-19.4119403,-41.77549031
2020-11-09,46,-40.70886549,-42.76505879,-79.5592181,-34.62948654,-34.32083513,-60.35003261,-35.00544429,-20.87584149,-55.06828206
2020-11-10,46,-43.04104574,-44.57352851,-83.60359532,-35.57805806,-37.05356611,-59.60165594,-40.89167776,-23.96098388,-56.23771895
2020-11-11,46,-44.07482465,-46.09288546,-82.15129957,-41.10170921,-39.17367102,-60.05810131,-39.59282041,-22.32229359,-55.19000983
2020-11-12,46,-43.27949102,-44.64393853,-82.89193937,-39.45297599,-35.22876086,-59.62319932,-38.91493163,-20.92096988,-54.6550426
2020-11-13,46,-42.32726626,-41.90252214,-81.99171996,-32.6673115,-32.83657941,-57.58368541,-37.3324108,-19.54552939,-53.09327255
2020-11-14,46,-36.1215266,-30.34921602,-78.45557264,-32.96924371,-30.88742979,-39.82611754,-23.74527781,-10.83612497,-33.46637415
2020-11-15,46,-40.00320603,-33.45954335,-79.9337457,-41.50420123,-42.7078883,-48.89512374,-28.12023263,-11.22686567,-35.34517207
2020-11-16,47,-58.01836242,-62.81044671,-89.13259656,-53.22848531,-56.94557783,-76.53768175,-50.66640362,-29.17620931,-73.99861842
2020-11-17,47,-42.77980962,-44.14231237,-82.6755555,-36.5266584,-36.35905466,-63.38941859,-40.44529536,-21.71331637,-55.06983034
2020-11-18,47,-43.45752932,-45.43510737,-83.0121562,-39.8802426,-37.61373479,-64.95116513,-41.039174,-25.09239657,-54.63323931
2020-11-19,47,-42.60573394,-44.83164917,-82.57642609,-37.90149532,-37.59871326,-61.94624813,-40.04988413,-23.31772762,-54.84578297
2020-11-20,47,-42.5491175,-43.42241684,-81.12477593,-34.55587204,-39.00914646,-63.14676992,-39.67938934,-23.63576486,-54.67956616
2020-11-21,47,-38.59338898,-34.69388598,-80.14758293,-35.04673125,-36.37100288,-41.33983165,-28.6069279,-18.97860122,-37.78359281
2020-11-22,47,-40.91365535,-34.55671656,-80.3905212,-43.88408464,-44.20440409,-44.89303658,-32.82839563,-15.20298507,-39.81266883
2020-11-23,48,-40.87512962,-43.54790893,-79.73423416,-36.72369342,-35.15032448,-64.57907816,-39.62682915,-19.24491637,-54.53796695
2020-11-24,48,-42.82768264,-45.94425771,-82.94248334,-38.72430315,-38.8050445,-61.96524658,-49.82879324,-23.40260107,-56.43844155
2020-11-25,48,-43.55084022,-46.13573583,-82.30995923,-40.87527545,-39.16909569,-62.80942002,-41.34264205,-21.36065162,-54.89577721
2020-11-26,48,-42.94016538,-45.49488868,-82.81538861,-39.02471918,-38.27010229,-61.79875296,-41.32776707,-22.23464468,-55.14431015
2020-11-27,48,-43.25321477,-44.23114695,-81.01320934,-35.68269814,-36.41868092,-58.70194653,-40.84171887,-18.12283879,-53.98331735
2020-11-28,48,-35.42746443,-33.30985014,-79.14748399,-37.80175793,-35.48854837,-39.00181779,-26.77284938,-9.181650373,-34.52717645
2020-11-29,48,-40.1157214,-33.23533912,-80.43301195,-39.79704193,-46.05709064,-45.73068273,-31.78979308,-11.2358209,-36.60150568
2020-11-30,49,-40.9804517,-41.72095242,-81.41985758,-32.42862403,-36.58611263,-63.61599299,-35.52331559,-14.79630786,-53.7637494
2020-12-01,49,-42.35497064,-44.09286432,-82.1603227,-34.8936413,-35.09007076,-61.62424765,-40.99441934,-17.64913769,-55.46493693
2020-12-02,49,-41.50268941,-43.19501349,-83.02341591,-38.41767187,-36.64910093,-62.00214687,-39.68084389,-17.49255445,-53.32688874
2020-12-03,49,-41.89773765,-44.18648762,-81.04747981,-34.72124504,-38.75838522,-61.92278299,-40.22960853,-18.95744532,-53.78006737
2020-12-04,49,-41.73498747,-42.36851306,-80.98250294,-34.7213545,-36.21217745,-61.77451889,-39.12105911,-17.31928207,-53.29364648
2020-12-05,49,-34.23997635,-33.85912835,-77.80142938,-31.15723783,-35.02992226,-41.03259265,-26.57378476,-7.540849115,-32.84081798
2020-12-06,49,-36.1172608,-32.21222888,-79.72394764,-36.33787506,-44.57703652,-46.25526921,-31.04007754,-8.047761194,-33.65087991
2020-12-07,50,-41.23714096,-43.73973668,-82.32994109,-35.91337891,-36.95427028,-64.90602958,-36.23619484,-15.82344368,-53.99330464
2020-12-08,50,-42.75674333,-45.3322653,-82.60416782,-40.95756087,-38.33684037,-63.72038814,-42.18559058,-19.4161719,-56.48756576
2020-12-09,50,-42.84918384,-45.63576725,-83.23632695,-41.33005649,-40.52847958,-63.68918301,-40.35628214,-18.02361046,-53.89263943
2020-12-10,50,-43.0481834,-46.41336321,-82.68401095,-43.81346657,-40.15329765,-62.60327203,-41.23047531,-14.92558172,-54.25031372
2020-12-11,50,-41.40549113,-46.86394668,-82.73481484,-37.96532586,-37.64721936,-62.62115192,-40.2899128,-21.87057467,-53.64126489
2020-12-12,50,-36.44112723,-39.08768446,-80.98754517,-31.93349128,-39.71940359,-38.22247983,-29.69216558,-17.87789704,-36.82323192
2020-12-13,50,-37.7009213,-36.09725994,-81.36780834,-39.7122202,-47.73119297,-45.29070697,-30.73854777,-13.91343284,-32.89644039
2020-12-14,51,-41.96369457,-42.20036871,-81.29953404,-37.59370826,-38.89303813,-63.59467007,-36.89406212,-17.03102228,-54.28343695
2020-12-15,51,-43.99462681,-43.43120569,-82.19963765,-39.48318342,-38.94405072,-63.7404469,-41.54740052,-16.41221374,-55.54364132
2020-12-16,51,-42.23725027,-45.62961511,-82.75215907,-38.9796103,-40.86222511,-63.8242777,-40.12699517,-11.98823065,-53.47532566
2020-12-17,51,-43.10386782,-45.83758386,-83.40607083,-40.51601582,-41.94773741,-64.89950353,-41.40560047,-12.85724268,-54.11980715
2020-12-18,51,-41.36706795,-42.84626224,-82.75733286,-34.58677927,-41.06448497,-61.44644859,-40.82283317,-15.1259674,-53.91956201
2020-12-19,51,-40.54174363,-43.23722875,-80.23822633,-38.79563156,-46.04711459,-53.3221527,-33.42071301,-11.35571204,-41.22327069
2020-12-20,51,-42.41240148,-40.65624723,-81.50059192,-43.3888037,-52.87272239,-59.55607475,-31.12351974,-8.907462687,-40.77010374
2020-12-21,52,-46.38227097,-50.24986238,-83.58130592,-41.51850149,-45.13276303,-73.25395226,-41.52910513,-6.620861961,-59.06849461
2020-12-22,52,-49.15855926,-55.07738638,-85.64693828,-44.68591634,-48.21563575,-73.11123128,-45.65496009,-11.95221939,-61.18817216
2020-12-23,52,-47.35354991,-54.25577211,-85.75952742,-44.66405439,-50.43281645,-73.48519562,-43.56878432,-4.940973842,-58.81747013
2020-12-24,52,-60.10973047,-68.5982317,-89.89529954,-59.55507197,-59.81126319,-82.1229159,-52.5248094,-8.154566417,-70.05323294
2020-12-25,52,-84.68732892,-85.26725392,-96.08595755,-82.44726893,-83.74230642,-91.11388087,-74.75907845,-54.42120863,-90.13714988
2020-12-26,52,-62.01961005,-60.83356929,-88.38857944,-53.66709207,-60.75247413,-67.2003632,-51.18309248,-27.18944418,-59.47453282
2020-12-27,52,-55.38272451,-53.39591785,-85.09371554,-52.47642896,-63.19219645,-65.83419034,-44.43824013,-22.64477612,-52.42875182
2020-12-28,53,-53.10954105,-56.83286119,-86.20873451,-47.46908099,-55.69480292,-77.00678596,-46.99122464,-18.16919981,-64.43169138
2020-12-29,53,-55.75679505,-59.05635511,-84.49232018,-49.23596042,-55.27767142,-78.08580393,-51.7125059,-18.68108567,-66.29286484
2020-12-30,53,-55.16493826,-58.33743005,-87.79241834,-47.0623387,-56.63138334,-77.50838142,-49.13697945,-14.39233557,-64.03072275
2020-12-31,53,-63.38097675,-69.75500657,-91.47183143,-61.88134269,-66.71766918,-82.79334845,-55.70713414,-14.81377961,-72.06631002
2021-01-01,53,-85.83721535,-87.24236114,-96.78401638,-84.05830829,-86.60426638,-90.28135839,-81.16717114,-54.86250617,-91.2290866
2021-01-02,53,-63.95460877,-60.03181321,-89.41133922,-55.17098964,-68.93971267,-65.47682734,-54.55063958,-28.33116839,-60.17145526
2021-01-03,53,-53.10485457,-50.49301889,-85.04325778,-50.82679245,-65.2504045,-61.99286355,-48.93906191,-18.33731343,-49.18881767
2021-01-04,1,-49.44367117,-52.79904349,-85.16191971,-40.46133619,-55.26043563,-74.16728395,-43.04212399,-11.64549934,-59.91657368
2021-01-05,1,-51.64713849,-53.89216011,-86.17975936,-40.77107835,-55.17062364,-73.39205393,-49.94521033,-2.332485157,-62.30482368
2021-01-06,1,-58.2548807,-60.00759265,-88.3318612,-49.47146632,-63.30070173,-75.61376075,-53.43806235,-22.74570311,-67.93445533
2021-01-07,1,-57.8528057,-59.10201673,-86.41948119,-48.21766975,-58.18238185,-74.11459902,-51.9198316,-26.44119908,-66.08731259
2021-01-08,1,-58.92146582,-56.96876878,-85.39910681,-45.47320716,-56.82662262,-71.86356245,-51.67215783,-28.61518195,-65.95110573
2021-01-09,1,-70.55256045,-25.82180933,-92.96758226,-24.09841677,-72.77840932,-52.27304392,-46.03425253,-28.72769536,-54.97317157
2021-01-10,1,-73.97785613,-24.86672729,-93.57327483,-29.55896095,-82.03382909,-54.7586468,-50.63761642,-29.8358209,-56.53501271
2021-01-11,2,-75.23854427,-28.07691636,-73.39646511,-5.957231947,-46.68014646,-70.89421592,-48.20793766,-26.51814838,-63.83654817
2021-01-12,2,-72.02462598,-37.58899059,-74.58495198,-19.5696989,-50.01985855,-70.56376867,-53.25888951,-31.49561776,-66.03456654
2021-01-13,2,-72.56547414,-39.17430465,-75.04948827,-21.74321749,-47.89375779,-70.68115703,-53.38375754,-30.83354265,-65.14690501
2021-01-14,2,-72.91783692,-38.81876352,-74.72790414,-23.35280054,-46.84277377,-69.25731515,-53.1145743,-29.98392845,-65.60914074
2021-01-15,2,-72.88300529,-36.73091876,-73.97530247,-16.81512198,-43.53387867,-66.19817645,-50.64649215,-29.10258521,-65.00084754
2021-01-16,2,-70.05970446,-25.63255773,-70.82188697,-22.86299221,-47.02536057,-49.85260008,-42.82193111,-26.75189718,-52.82777822
2021-01-17,2,-75.20243483,-30.08254061,-69.72003288,-39.23643851,-50.34460838,-55.92627476,-47.85368115,-31.26865672,-56.91702764
2021-01-18,3,-70.95084343,-30.48326005,-71.94055026,-19.50249765,-44.9330662,-64.8562761,-45.81624484,-24.0197099,-63.1973006
2021-01-19,3,-70.20467536,-35.35611998,-73.65173915,-23.00214285,-45.22375419,-66.30462514,-51.84224783,-29.11365564,-65.31038053
2021-01-20,3,-70.31357653,-35.82675426,-73.9276109,-25.73546789,-46.63935249,-66.3614219,-51.09230753,-29.33366823,-64.40049444
2021-01-21,3,-72.0004859,-38.27106574,-73.93653479,-28.37468182,-43.99776277,-65.14421142,-51.08453769,-29.56467053,-65.22343306
2021-01-22,3,-72.14329384,-36.93829802,-73.5505306,-29.98031419,-40.24082962,-62.17314194,-50.64168488,-29.97859378,-64.96998186
2021-01-23,3,-70.10606612,-27.88082831,-69.93358157,-31.13106358,-40.45523849,-37.23332012,-43.75462713,-28.82340876,-52.90443088
2021-01-24,3,-69.20963841,-30.81258989,-68.47983426,-38.01188564,-44.1101236,-42.09242167,-48.11791479,-32.92537313,-57.5659735
2021-01-25,4,-64.15139753,-35.89401216,-71.28642774,-28.84995853,-45.21285534,-63.51293222,-47.63619256,-25.14400722,-63.91359796
2021-01-26,4,-65.58101815,-39.77844871,-73.59276672,-33.60250883,-45.85512824,-63.08519405,-52.395229,-29.34690416,-65.33731961
2021-01-27,4,-66.90517012,-40.17567254,-73.30423196,-32.84995279,-47.25575225,-64.10764706,-50.5733949,-28.83131795,-64.54523364
2021-01-28,4,-67.44193855,-40.26585752,-73.49274727,-22.50262208,-45.94733409,-63.25694377,-50.99750579,-29.0755363,-64.91222508
2021-01-29,4,-67.23122618,-39.28623997,-72.69893978,-19.27160287,-40.38758335,-59.14642887,-50.84839755,-27.68648115,-63.9979659
2021-01-30,4,-63.6995081,-28.02436903,-68.78241029,-19.82677931,-40.54946602,-32.94696137,-41.25312297,-24.97436248,-50.79516119
2021-01-31,4,-65.0705624,-32.7226084,-67.38569758,-36.32520055,-45.43653543,-39.4948725,-47.90804501,-28.59104478,-55.4209357
2021-02-01,5,-71.34506858,-63.96340347,-82.16039429,-44.57327987,-64.20060625,-73.278829,-60.62926106,-39.82233326,-80.01859823
2021-02-02,5,-62.98268536,-43.99222298,-72.06879498,-24.15147091,-46.86324812,-63.61340808,-49.48760702,-26.09556121,-62.69253523
2021-02-03,5,-62.28498601,-46.65487619,-72.54061835,-30.38979785,-49.13011592,-62.66444035,-48.29756196,-27.16638559,-62.2531774
2021-02-04,5,-63.08257163,-46.73433626,-72.08690289,-25.99456223,-49.11812136,-62.50941147,-49.5388371,-25.63762141,-62.7929463
2021-02-05,5,-62.34807121,-47.62074449,-72.83404794,-26.37769019,-51.47613857,-58.79013747,-48.91965161,-27.10027993,-62.82861198
2021-02-06,5,-57.64796002,-38.11013372,-69.040744,-29.90087388,-51.47008492,-31.63557539,-43.62713631,-24.0445751,-49.47885003
2021-02-07,5,-60.74668633,-41.07123498,-67.76811428,-41.19903798,-55.43924697,-39.2495014,-49.21973113,-29.5761194,-54.46030401
2021-02-08,6,-56.4672817,-45.771534,-64.20702813,-32.13146399,-53.27334542,-62.56050852,-46.22333342,-22.5067666,-61.89436208
2021-02-09,6,-57.7020585,-47.83411878,-66.4539989,-35.18437274,-55.40602483,-61.82817838,-48.66847955,-25.45942889,-62.80504553
2021-02-10,6,-57.29110978,-46.50801176,-65.02833914,-35.70493167,-54.11850578,-66.28234208,-47.51670849,-25.34357171,-61.27222592
2021-02-11,6,-57.7565866,-48.58593348,-65.51698554,-36.06303191,-54.00985164,-66.18002972,-48.47782633,-24.00251555,-61.58668516
2021-02-12,6,-56.37779102,-46.24754805,-62.7132185,-31.70017276,-50.68786135,-59.70732325,-47.4249336,-26.27037708,-60.96705721
2021-02-13,6,-52.14306333,-37.00815966,-57.61816387,-32.67010943,-51.75159455,-32.22007885,-38.65365216,-19.13584467,-44.85942607
2021-02-14,6,-53.87065772,-38.19890169,-52.78481534,-32.37270266,-59.40002543,-37.70112518,-43.27131358,-17.5761194,-46.15187891
2021-02-15,7,-54.35906406,-44.63373362,-61.07205297,-29.52343185,-51.267567,-62.84126028,-43.60362548,-21.86827677,-60.59301769
2021-02-16,7,-54.31884303,-46.60540731,-62.29178689,-31.66710513,-50.74970617,-60.34383009,-48.00854894,-26.20158326,-61.38889476
2021-02-17,7,-55.75880903,-47.44971821,-62.22671656,-35.82931077,-51.64578952,-60.82912955,-47.01483267,-34.8523449,-60.54641691
2021-02-18,7,-56.33704011,-47.93234031,-61.30565921,-31.46053822,-52.29475785,-60.30704053,-47.24558207,-40.053106,-60.73654316
2021-02-19,7,-54.18171058,-44.92327436,-60.91996474,-34.821803,-50.41689105,-58.62786614,-46.36115313,-43.16482793,-60.32849181
2021-02-20,7,-50.43922868,-37.30795043,-55.14359883,-28.66320581,-51.37624837,-32.44488788,-37.56394112,-37.5264921,-45.70084318
2021-02-21,7,-51.36721962,-38.67636433,-51.45697956,-33.481235,-57.93194344,-36.70271866,-41.42294239,-36.14925373,-48.58942186
2021-02-22,8,-52.08580336,-44.13885476,-57.68549221,-27.60765515,-49.07116889,-60.71252223,-42.5238733,-40.89110972,-60.14772305
2021-02-23,8,-52.81691353,-45.86419549,-58.96760413,-29.67795821,-50.16354161,-59.76212603,-47.17118747,-44.11931015,-60.72967948
2021-02-24,8,-53.30340925,-45.75716468,-59.31966206,-29.07711989,-50.89899261,-60.16024608,-46.2552752,-47.83451146,-59.58976472
2021-02-25,8,-54.19343374,-46.14590949,-59.31844283,-29.61637316,-50.1923438,-58.56391588,-47.38426704,-45.48249598,-59.74902582
2021-02-26,8,-53.43276954,-43.51284343,-57.62414448,-26.2836807,-46.92782093,-56.21143438,-44.95949015,-42.73670344,-58.50792261
2021-02-27,8,-48.69463244,-34.34304427,-47.94802296,-26.81605166,-49.4553361,-32.16012978,-36.16154206,-32.98694196,-40.97921568
2021-02-28,8,-48.98639293,-33.94909791,-48.87301114,-29.85534954,-57.23207289,-36.56734151,-41.62965148,-29.06567164,-44.2785672
2021-03-01,9,-48.16280019,-42.78457837,-53.11100996,-23.22337066,-47.85963921,-57.44656184,-41.1618528,-38.09424665,-57.58063659
2021-03-02,9,-49.53575588,-45.42228985,-55.6744595,-24.45839006,-48.15925379,-56.87366449,-45.94284692,-45.17246254,-58.97335672
2021-03-03,9,-49.93812116,-44.69012629,-55.8158425,-27.39513166,-55.51322146,-57.91306122,-43.74767075,-43.93053213,-57.6352572
2021-03-04,9,-50.81134663,-44.70188802,-56.35985936,-28.39051972,-52.16073436,-58.16836067,-44.36220835,-41.5414716,-58.25586157
2021-03-05,9,-49.23186179,-42.89490503,-53.84521019,-22.16593619,-47.49308488,-54.3276759,-43.3483675,-42.09122345,-57.45039354
2021-03-06,9,-43.03640277,-34.87149626,-51.40304753,-24.95917564,-48.56584385,-36.46896943,-32.82441382,-33.52703904,-41.51754641
2021-03-07,9,-41.96901954,-35.22529861,-47.58235476,-29.83390037,-56.23738873,-39.56256107,-37.95693034,-31.74328358,-44.64939341
2021-03-08,10,-50.14904491,-44.83084315,-54.62927428,-29.826629,-49.267929,-57.65979103,,,-58.55199532
2021-03-09,10,-50.13197733,-43.74803684,-56.17313865,-23.46122657,-49.292869,-57.28821221,,,-58.13877327
2021-03-10,10,-51.3282232,-47.9106994,-49.23095463,-24.57778544,-51.01363025,-61.62322274,,,-56.24121792
2021-03-11,10,-50.87795673,-43.73010853,-54.96539415,-25.67970478,-49.48458787,-56.78726961,,,-56.96876032
2021-03-12,10,-49.83140387,-41.58378939,-53.44807408,-21.33981169,-47.37358541,-55.35774608,,,-55.85651
2021-03-13,10,-44.43005283,-30.73188447,-48.43296519,-25.93809256,-49.70126605,-33.70381842,,,-38.1263271
2021-03-14,10,-44.57099976,-33.06705999,-45.03556573,-28.0818928,-56.91880225,-33.79210982,,,-41.20966066
2021-03-15,11,-61.50145055,-63.55356875,-71.01734055,-42.2536875,-65.80512219,-72.00656152,,,-75.58212445
2021-03-16,11,-50.04405285,-42.01364628,-53.96115523,-18.48123666,-46.20407283,-57.0876246,,,-55.95987661
2021-03-17,11,-48.7920097,-42.3700546,-55.66434812,-22.31089649,-50.07695679,-57.85704635,,,-55.95121127
2021-03-18,11,-49.64416713,-45.07252187,-61.98323689,-23.06518428,-50.60636704,-60.24334943,,,-56.27290139
2021-03-19,11,-49.32187035,-41.33637606,-54.51460971,-18.96961348,-48.09791993,-54.31709299,,,-56.0892676
2021-03-20,11,-44.37972651,-32.26319907,-47.6096209,-18.44702247,-49.19884955,-32.2950152,,,-39.37215306
2021-03-21,11,-46.24848064,-32.4690141,-45.12585857,-22.62990262,-57.19166696,-27.29400634,,,-39.72635583
2021-03-22,12,-46.83472964,-40.40150509,-53.24664741,-17.97242529,-49.16754663,-56.71802878,,,-56.02104256
2021-03-23,12,-50.38354659,-41.99786653,-55.06404313,-20.29296618,-50.22745849,-55.60996256,,,-57.05592766
2021-03-24,12,-49.70481333,-44.30347152,-56.08914657,-21.71068757,-51.30772284,-56.64778411,,,-55.61841674
2021-03-25,12,-51.05004635,-42.78219479,-56.13227602,-21.60239585,-51.20273343,-54.67205489,,,-56.22429166
2021-03-26,12,-49.22776867,-40.96018183,-50.50537742,-15.95100734,-50.78325128,-52.87076157,,,-55.45323217
2021-03-27,12,-44.921992,-29.43670717,-51.61001664,-10.81162008,-57.24376932,-30.84125016,,,-38.20297976
2021-03-28,12,-45.2420996,-31.57219718,-42.9747646,-18.54285991,-63.94494389,-29.27389725,,,-39.34593929
2021-03-29,13,-49.77746489,-39.85044045,-53.75856938,-12.03526159,-55.82295062,-58.59799945,,,-56.3345555
2021-03-30,13,-50.59093343,-40.54932936,-55.25337566,-16.21754602,-57.85773082,-58.96311873,,,-57.16632509
2021-03-31,13,-50.83104756,-40.91664758,-56.27646734,-12.72094845,-58.93074511,-59.51772255,,,-55.24758856
2021-04-01,13,-57.71373681,-54.49049429,-68.2159171,-27.70632244,-69.17205384,-69.69980063,,,-68.60233802
2021-04-02,13,-74.71790783,-69.74327514,-77.66211756,-46.11066878,-79.33261866,-72.71725075,,,-81.50234908
2021-04-03,13,-52.67450036,-48.39486891,-62.66398025,-32.79499799,-72.32173814,-41.87187968,,,-60.90450136
2021-04-04,13,-51.94323226,-35.45823589,-49.21028142,-24.84989218,-70.86134104,-35.1966478,,,-46.02720458
2021-04-05,14,-49.52943406,-37.23428037,-48.40745336,-12.54908685,-59.55765504,-58.57312271,,,-55.69265104
2021-04-06,14,-50.81228586,-41.12067256,-55.11887714,-20.12461391,-60.11586739,-58.96646185,,,-56.86524118
2021-04-07,14,-53.75928101,-40.85870302,-55.72371754,-17.38165682,-54.95121738,-56.12388031,,,-55.42507897
2021-04-08,14,-52.34670939,-41.50894928,-55.38642333,-18.68062009,-53.76672743,-56.94482126,,,-55.94161548
2021-04-09,14,-52.82006526,-41.08630313,-55.49516741,-16.95098502,-51.39385165,-56.70177601,,,-55.78364675
2021-04-10,14,-48.98489464,-30.63928789,-48.0084519,-17.84277123,-56.65455402,-28.42829996,,,-39.93955894
2021-04-11,14,-51.59355554,-32.19610633,-42.87119341,-19.89025805,-55.70413027,-25.10258864,,,-40.41845819
2021-04-12,15,-48.45427859,-39.89208223,-52.27202672,-17.95028922,-50.36492667,-56.55099925,,,-55.7441947
2021-04-13,15,-49.62401586,-43.13568084,-54.67399741,-20.16605447,-53.38874577,-58.22763083,,,-57.07969744
2021-04-14,15,-49.13024897,-41.88367796,-55.30301353,-20.13202968,-53.97209495,-55.30013219,,,-54.88838177
2021-04-15,15,-49.93542384,-40.1536027,-54.77918959,-18.01796236,-53.32956162,-54.39382538,,,-54.98051648
2021-04-16,15,-50.88983712,-39.97640766,-53.85237501,-15.63807164,-50.68576486,-51.93240997,,,-54.47615626
2021-04-17,15,-45.90599424,-31.13270911,-48.8907144,-16.09059221,-52.35410337,-26.24015878,,,-36.62323016
2021-04-18,15,-47.35363413,-29.73506604,-43.45544115,-21.11383596,-58.54002769,-23.67266743,,,-37.28721449
2021-04-19,16,-47.33394385,-40.80866065,-53.48729449,-17.84430437,-48.99241145,-53.75058926,,,-55.00079707
2021-04-20,16,-48.88392371,-40.5876516,-55.66307886,-18.28568902,-49.78107964,-52.61452096,,,-55.80880644
2021-04-21,16,-49.2073115,-42.99306596,-56.65827414,-19.112121,-50.5965119,-54.77952338,,,-54.96392085
2021-04-22,16,-48.72372929,-42.97369251,-54.91367066,-17.6790313,-49.37116381,-53.43175467,,,-54.6851595
2021-04-23,16,-49.45509747,-40.23704902,-53.70498429,-15.50156471,-49.52378973,-50.8847016,,,-54.87437415
2021-04-24,16,-43.74431644,-30.05978496,-46.29529149,-15.80342331,-53.48209683,-32.83455686,,,-37.7686147
2021-04-25,16,-43.02860641,-31.16359127,-40.31643737,-20.28511786,-56.94573954,-26.5748152,,,-39.71037195
2021-04-26,17,-46.08999332,-39.20330883,-51.65509511,-16.68719134,-45.35168201,-52.96519508,,,-55.4705351
2021-04-27,17,-47.2567443,-40.140583,-52.90482451,-17.1467211,-45.29312739,-56.1014022,,,-55.66301845
2021-04-28,17,-46.63825468,-40.39049665,-54.16987644,-20.8687367,-49.23687381,-57.98555105,,,-54.4325061
2021-04-29,17,-48.32938939,-40.01190868,-52.69266412,-17.69170162,-46.3572883,-54.35359943,,,-54.16313321
2021-04-30,17,-48.19887011,-37.15036658,-52.53302336,-15.1873412,-43.95474743,-51.68900297,,,-54.08907026
2021-05-01,17,-52.16030957,-34.61688237,-48.84388198,-22.20190546,-51.97484733,-29.02779069,,,-41.76688781
2021-05-02,17,-41.26874478,-25.38583986,-39.1744986,-14.26667448,-53.15656155,-25.97407908,,,-35.78153222
2021-05-03,18,-43.42590423,-36.91944097,-51.6200919,-11.34971404,-46.28956296,-51.2806845,,,-53.71858228
2021-05-04,18,-51.08845217,-38.1681873,-50.76733259,-7.564886413,-52.02050883,-51.80882741,,,-55.07405608
2021-05-05,18,-54.12608234,-39.69587726,-54.02452371,-18.59610717,-51.318907,-64.86220033,,,-55.21853507
2021-05-06,18,-53.47542562,-36.29821045,-50.31131476,-17.22543385,-50.93443213,-51.68863002,,,-53.58140149
2021-05-07,18,-52.57893221,-35.76268229,-47.83494416,-7.568708991,-46.34185422,-48.50001857,,,-52.8655749
2021-05-08,18,-47.7606344,-24.39281022,-37.60712083,-7.178634308,-44.56058733,-26.57737232,,,-32.08133992
2021-05-09,18,-46.9230354,-23.92926811,-33.62945638,-9.461084424,-48.30934691,-30.59382451,,,-30.34061666
2021-05-10,19,-52.45267674,-43.38853726,-56.06221826,-13.55325972,-50.86256689,-58.62287619,,,-60.35230352
2021-05-11,19,-52.70053365,-39.23910131,-50.70525634,-12.09939029,-43.67987575,-56.11477471,,,-54.89446217
2021-05-12,19,-54.02728736,-37.93622249,-49.11835745,-13.42002281,-46.73085926,-58.99052375,,,-53.73680707
2021-05-13,19,-54.04437334,-37.82061736,-50.04028369,-9.242498824,-47.36793224,-52.87529564,,,-54.01836074
2021-05-14,19,-53.46322718,-34.65810602,-47.66605896,-3.947411868,-41.81948054,-52.2357868,,,-52.83470922
2021-05-15,19,-48.37978939,-23.8998162,-30.70311459,-1.007494204,-41.76895012,-30.66889658,,,-31.19675063
2021-05-16,19,-49.34397759,-21.57671915,-23.37856416,-6.960305668,-45.59915681,-29.9592441,,,-30.32623116
2021-05-17,20,-50.28735784,-33.36787181,-45.56563009,-5.768739912,-40.12619273,-56.59009127,,,-52.41883203
2021-05-18,20,-51.62512067,-35.44418115,-46.82135281,-10.38737711,-43.11761507,-56.37219547,,,-53.80580617
2021-05-19,20,-52.33093312,-35.41863854,-47.39357335,-7.704962325,-45.77334259,-52.27203411,,,-51.96771365
2021-05-20,20,-52.95637456,-34.89005909,-46.5251555,-6.387875759,-47.83968475,-51.79254707,,,-52.46390595
2021-05-21,20,-51.78584965,-34.69317083,-44.69879718,-4.55525406,-45.31641247,-49.51597821,,,-51.81816572
2021-05-22,20,-47.13957141,-20.89432561,-27.51246663,-2.539061694,-45.44382381,-26.55489141,,,-31.27340329
2021-05-23,20,-45.83515654,-20.8596015,-30.00446471,-2.903486796,-45.85506101,-23.88419424,,,-30.25430366
2021-05-24,21,-51.03407006,-34.0671322,-45.92003761,-2.927943584,-41.28112384,-56.24181693,,,-53.13884904
2021-05-25,21,-51.73460164,-35.71280045,-47.5362642,-4.744338238,-44.5541859,-54.43652506,,,-54.4576264
2021-05-26,21,-53.01087744,-35.50090551,-48.5993868,-3.92192396,-45.67853141,-51.9293549,,,-53.61425417
2021-05-27,21,-53.74302357,-35.47698532,-48.60650863,-3.850644206,-46.85726967,-49.65386721,,,-53.80120203
2021-05-28,21,-51.59180757,-33.29050875,-46.97311787,1.081452023,-45.00875374,-49.38192798,,,-52.69910262
2021-05-29,21,-46.94188388,-22.25208837,-39.00605076,1.994318251,-50.20720142,-27.17686305,,,-34.77475572
2021-05-30,21,-47.59317554,-16.93829471,-20.58214201,-1.727682047,-45.42905285,-22.3104348,,,-32.02372009
2021-05-31,22,-48.59954047,-31.65650186,-45.96597933,1.758196473,-38.77610336,-49.55708191,,,-52.10691323
2021-06-01,22,-51.0219374,-33.07176523,-47.9480366,-1.293764035,-43.03966766,-50.347881,,,-52.85448668
2021-06-02,22,-52.21334141,-35.54468585,-48.06813283,-4.641409253,-45.16456839,-56.53575437,,,-52.48803524
2021-06-03,22,-51.45252975,-34.79338132,-48.03030898,-3.609908129,-47.67438064,-58.12478256,,,-52.21028994
2021-06-04,22,-49.99872027,-33.9074673,-47.77557846,-1.360863052,-47.0855812,-56.45484138,,,-51.97856606
2021-06-05,22,-45.57018808,-19.67059826,-39.89133471,3.079427836,-46.76261825,-26.89210495,,,-34.1580102
2021-06-06,22,-44.76624137,-23.05646707,-35.83897512,1.881629047,-47.44885033,-18.76524554,,,-34.78893276
2021-06-07,23,-48.73052703,-31.60016298,-44.66539124,1.759538053,-33.12799366,-48.32746026,,,-50.28269302
2021-06-08,23,-52.29808994,-33.06885652,-46.84928712,-2.274092304,-33.29650078,-51.28061338,,,-52.35162374
2021-06-09,23,-52.25109797,-33.23584539,-47.12436373,-1.606559052,-36.45490323,-55.91959077,,,-50.85364436
2021-06-10,23,-51.32702657,-33.29262508,-46.67618808,-2.456909021,-37.12390898,-50.5824163,,,-51.28511987
2021-06-11,23,-50.10337579,-28.99881493,-45.5831415,0.3944100551,-35.27714649,-51.41384724,,,-49.74763511
2021-06-12,23,-44.99630448,-21.7252384,-38.11774536,0.1651121564,-40.32543127,-34.81287628,,,-31.21789619
2021-06-13,23,-43.69989819,-21.97088195,-33.33998818,-1.867101682,-45.41358885,-32.19296716,,,-31.22612407
2021-06-14,24,-48.35690451,-30.61698833,-44.28691901,-0.2769808721,-33.46891992,-53.81811183,,,-50.44476327
2021-06-15,24,-50.51944893,-30.54249716,-45.74743383,-0.9628870568,-32.97743603,-48.09795668,,,-50.72524245
2021-06-16,24,-48.04138396,-29.81167941,-46.24917655,4.009635992,-33.15710093,-48.79911205,,,-48.64240964
2021-06-17,24,-48.67484804,-32.03059791,-46.17447026,-0.01660541568,-34.57059616,-50.35111707,,,-49.79142725
2021-06-18,24,-48.97862995,-28.1072171,-44.84516435,-0.7742695817,-33.10466704,-62.30719217,,,-48.99218491
2021-06-19,24,-43.18891804,-16.02654372,-27.24355785,5.507650317,-34.94820627,-32.72964598,,,-27.05133966
2021-06-20,24,-41.59773035,-20.65387103,-20.39890068,6.625796466,-32.37544444,-30.69535738,,,-27.41876189
2021-06-21,25,-49.49466712,-31.17884616,-44.2541035,3.636408921,-28.95918892,-53.86075767,,,-50.80078644
2021-06-22,25,-51.21930089,-32.65218393,-46.53890591,-2.34920332,-34.02972611,-57.45871167,,,-50.22290773
2021-06-23,25,-51.53755602,-32.34800592,-46.85515411,0.6124917779,-34.67407982,-51.68552545,,,-49.83465923
2021-06-24,25,-53.05925467,-32.7751525,-46.53963808,-0.1141668786,-34.54084142,-55.73804266,,,-49.2641173
2021-06-25,25,-49.10040034,-28.57180823,-44.28630787,3.496079372,-31.43586739,-55.16372601,,,-49.51487751
2021-06-26,25,-43.87901555,-19.32274698,-25.59535855,3.850446431,-35.23401674,-24.16442211,,,-29.62845488
2021-06-27,25,-42.6390829,-23.25195301,-22.69605657,-1.809578895,-42.81713395,-53.37949202,,,-33.41431837
2021-06-28,26,-50.49260713,-28.89689198,-45.60172716,8.323219768,-31.65829977,-53.70083578,,,-49.86184176
2021-06-29,26,-50.73566387,-31.40682009,-45.1235676,3.616294921,-35.0588918,-58.21425833,,,-50.93388831
2021-06-30,26,-51.95548773,-32.18003823,-58.2172333,2.476902694,-37.3214215,-60.86866946,,,-49.4633028
2021-07-01,26,-48.36125258,-29.29646771,-55.1960809,6.215291409,-36.56060341,-55.2385704,,,-49.03374942
2021-07-02,26,-48.90019851,-27.14129029,-52.63333093,5.202416032,-35.4616369,-62.99860914,,,-49.14499533
2021-07-03,26,-43.9133098,-16.93745055,-46.06868297,9.415091791,-30.40612651,-32.85703776,,,-30.1570939
2021-07-04,26,-43.2033488,-20.837433,-43.8431692,5.75418001,-36.02744181,-29.24005296,,,-29.9633969
2021-07-05,27,-45.16283047,-25.73686271,-51.54352238,10.81386363,-28.75041497,-60.73029132,,,-47.85482757
2021-07-06,27,-47.39635821,-29.43820572,-52.1578404,5.970636787,-31.59594804,-52.95217677,,,-48.33928458
2021-07-07,27,-48.02342309,-30.55150986,-58.70651923,7.514575432,-33.6527626,-53.33631668,,,-47.6968506
2021-07-08,27,-48.31870741,-31.54749488,-59.16637578,2.545333261,-34.67486491,-55.07431443,,,-48.30935869
2021-07-09,27,-47.49928731,-28.17454712,-54.14408581,8.463128804,-33.6751722,-50.34144541,,,-48.63697658
2021-07-10,27,-42.17414018,-17.54888702,-46.22881965,7.52979802,-34.11775284,-36.01935138,,,-31.34476956
2021-07-11,27,-42.36111505,-23.00390084,-41.13438421,0.6970496361,-37.67610337,-26.98940774,,,-31.98376037
2021-07-12,28,-43.56146423,-29.48094855,-48.75201623,9.860670815,-30.88060344,-51.49391369,,,-49.21834316
2021-07-13,28,-47.61502657,-33.1553179,-51.79572899,4.25085351,-35.89214965,-60.26025192,,,-50.41465064
2021-07-14,28,-46.74169788,-30.67004584,-49.77244471,6.902247523,-36.89210224,-58.40731009,,,-48.22615237
2021-07-15,28,-47.04679977,-31.27489644,-46.19205624,7.02935946,-37.12772369,-56.86436935,,,-48.41661713
2021-07-16,28,-58.22962784,-27.78708456,-46.52685153,7.488907156,-33.76977595,-53.36815847,,,-48.85101237
2021-07-17,28,-40.54949949,-19.305552,-42.31000298,11.24728923,-35.14135315,-31.82291624,,,-30.97912757
2021-07-18,28,-39.84320465,-21.63365191,-34.81123023,14.6643621,-40.97941256,-30.53459701,,,-29.14182504
2021-07-19,29,-45.10286526,-29.12308951,-45.21341027,9.059747364,-31.5090611,-57.31151669,,,-50.20564323
2021-07-20,29,-47.26179791,-31.50680697,-46.99309708,5.128875394,-38.06116635,-59.44118586,,,-51.7483995
2021-07-21,29,-48.0716993,-32.77107277,-45.76705589,6.855685088,-36.96708695,-59.12891344,,,-50.63072486
2021-07-22,29,-48.57436427,-33.01323848,-46.07516116,0.3147234487,-36.26356463,-60.22658862,,,-51.79393699
2021-07-23,29,-47.93496405,-30.03109191,-44.29961398,8.925449453,-34.16286632,-54.9555954,,,-52.90807846
2021-07-24,29,-40.65099462,-21.74382179,-40.34153031,6.313069354,-37.79262653,-36.79868934,,,-37.01089877
2021-07-25,29,-40.79526661,-25.17221605,-37.78823805,-3.020482293,-43.65967234,-35.01050422,,,-37.20889344
2021-07-26,30,-46.54937874,-32.0773594,-41.74918615,4.431966051,-32.47630923,-62.4681092,,,-53.34980605
2021-07-27,30,-48.32119031,-31.86755963,-48.6401867,5.929196226,-34.1578197,-55.68016822,,,-54.75712565
2021-07-28,30,-49.83814374,-33.44387353,-47.99545647,2.316804459,-35.95364948,-60.56553015,,,-53.75793689
2021-07-29,30,-49.930225,-31.50183554,-46.5934305,4.82535732,-37.41560716,-55.83525538,,,-53.34680668
2021-07-30,30,-48.00783768,-29.83162148,-44.62817246,6.626080317,-34.77346669,-62.52943334,,,-52.81092746
2021-07-31,30,-42.76492312,-20.08359823,-36.99678855,7.921663921,-36.52348726,-46.46547743,,,-34.4628587
2021-08-01,30,-44.92386269,-23.16898905,-35.67432349,-1.223626446,-40.82626911,-31.6345364,,,-34.96155875
2021-08-02,31,-47.54194608,-30.53485298,-42.80693946,13.9860303,-31.06267996,-56.06412594,,,-50.96817047
2021-08-03,31,-47.35496472,-32.98624918,-44.86905501,7.335585261,-31.69260283,-61.17292553,,,-52.67119525
2021-08-04,31,-48.44594186,-32.49894793,-46.11713076,9.960697862,-33.38739297,-59.80768189,,,-50.89696048
2021-08-05,31,-48.83438735,-33.06447126,-45.73068274,6.47123187,-33.92616442,-58.97958407,,,-51.76593356
2021-08-06,31,-47.51014211,-30.33687659,-46.14711571,1.588845717,-32.71262491,-59.16053942,,,-51.81512975
2021-08-07,31,-42.78856236,-21.25381821,-37.67812483,-1.265497516,-35.21955028,-38.22997346,,,-36.66375915
2021-08-08,31,-44.26662093,-26.01713851,-39.73218963,-11.30083862,-44.37051735,-40.54404545,,,-38.78969998
2021-08-09,32,-46.44050449,-31.17976473,-42.57723088,1.916502951,-31.47915997,-59.13818006,,,-52.39120038
2021-08-10,32,-48.02405466,-31.38042356,-45.93987018,0.6286894848,-33.73742331,-58.37472841,,,-53.25329079
2021-08-11,32,-48.65702795,-32.97423642,-47.08137208,-0.7212349499,-35.82223559,-61.19816871,,,-52.02582063
2021-08-12,32,-49.52445172,-33.09348174,-45.5610297,-0.5981730974,-35.37575437,-57.21634644,,,-52.45386698
2021-08-13,32,-47.60127427,-28.94919229,-45.65171913,4.761988003,-33.2736959,-57.85531351,,,-51.38199822
2021-08-14,32,-43.89626179,-19.43542218,-38.43952946,0.07013702391,-33.11995758,-36.54390577,,,-34.55801373
2021-08-15,32,-45.28989272,-22.1846737,-35.01571694,1.184530875,-42.12474598,-26.25329446,,,-35.53538034
2021-08-16,33,-45.72935845,-29.99672485,-43.90297753,5.85672435,-29.07452185,-54.85227339,,,-51.91880546
2021-08-17,33,-49.21127619,-32.8370324,-45.63880041,-2.131640376,-33.15723473,-59.9961449,,,-53.09271271
2021-08-18,33,-49.91567517,-31.59823189,-44.08833428,-4.512565256,-32.24889624,-55.75813614,,,-51.55832356
2021-08-19,33,-49.32811439,-32.03116955,-40.65557417,-3.901325486,-32.25023499,-54.96704522,,,-51.99418797
2021-08-20,33,-48.02631692,-29.80390559,-41.61280398,-3.767119693,-31.50793396,-54.91679138,,,-51.3941421
2021-08-21,33,-43.10050626,-27.9552687,-41.5576627,-11.81072856,-42.01527105,-61.35532854,,,-44.50523793
2021-08-22,33,-45.03004403,-23.64829906,-27.67809642,-5.030854923,-41.67629008,-30.23845948,,,-37.76832952
2021-08-23,34,-43.4431989,-29.91298201,-38.19636014,2.891831843,-28.43004573,-58.55890743,,,-50.56272916
2021-08-24,34,-48.63925337,-32.45744585,-45.50016346,0.6319270286,-31.95060877,-56.26855854,,,-51.85457119
2021-08-25,34,-47.65505196,-30.95905329,-45.18052694,-0.91194958,-31.82084791,-54.42695919,,,-50.26200966
2021-08-26,34,-47.26374967,-31.73063245,-45.26206794,1.180739811,-33.21433946,-54.78602843,,,-49.86645532
2021-08-27,34,-46.56978742,-28.84105832,-43.41117547,5.688561005,-25.85870123,-53.7738368,,,-50.144841
2021-08-28,34,-42.79483147,-18.31774835,-36.72636905,2.426567279,-29.41419603,-34.31829642,,,-31.55181984
2021-08-29,34,-41.62521619,-24.62724023,-29.11215906,-8.181933653,-42.43552243,-36.25428183,,,-32.79094673
2021-08-30,35,-44.39817975,-29.05480924,-42.96007851,-0.5882275064,-29.97369151,-65.98994461,,,-49.51166374
2021-08-31,35,-46.16231212,-28.87020753,-44.24518878,6.609727937,-28.76775604,-54.94468033,,,-50.67136428
2021-09-01,35,-46.25414486,-28.00624128,-45.3002894,3.848899916,-29.27645135,-63.42228862,,,-49.16590071
2021-09-02,35,-46.69490349,-28.76734807,-43.44553907,-0.726143328,-31.4870386,-66.09287348,,,-49.3417872
2021-09-03,35,-46.48130375,-26.83165619,-43.38046907,7.065864444,-28.12395,-61.90151384,,,-48.39612307
2021-09-04,35,-42.83031512,-16.9042354,-36.33962384,11.14633141,-25.99189905,-30.8487438,,,-28.95796439
2021-09-05,35,-43.28388693,-18.98972143,-33.75161728,5.76977941,-36.54224324,-30.44152521,,,-30.35340377
2021-09-06,36,-43.39275797,-25.62395531,-40.21888948,5.034335614,-24.02229893,-61.29534867,,,-47.69275732
2021-09-07,36,-46.20777367,-29.3068775,-46.48096809,-5.299900757,-29.51267349,-70.44675923,,,-49.00378204
2021-09-08,36,-48.6052248,-29.41973094,-49.55032118,-5.104482235,-30.7100574,-57.08272312,,,-49.47862191
2021-09-09,36,-46.4644488,-27.1900642,-45.4172384,3.334694188,-26.60776971,-53.2842595,,,
2021-09-10,36,-45.09439744,-23.36122063,-42.46746545,10.17075326,-25.09060264,-51.80894265,,,
2021-09-11,36,-41.22914022,-14.02626536,-33.16559384,11.70122549,-25.15284394,-32.10767434,,,
2021-09-12,36,-37.92606719,-19.79870403,-34.36773308,8.379753964,-33.50481503,-30.08616018,,,